{
  "meta_title": "",
  "meta_description": "",
  "sections": [
    {
      "type": "banner-slider",
      "autoplay": 9000,
      "full_width": true,
      "slides": [
        {
          "img": "/img/uploads/whatsapp-image-2022-06-01-at-22.37.11-2-.jpeg",
          "link": "",
          "alt": "",
          "start": "",
          "end": "",
          "mobile_img": "/img/uploads/whatsapp-image-2022-06-01-at-22.39.41.jpeg"
        },
        {
          "img": "/img/uploads/whatsapp-image-2022-06-01-at-22.37.11-1-.jpeg",
          "alt": "",
          "start": "",
          "end": "",
          "mobile_img": "/img/uploads/whatsapp-image-2022-06-01-at-22.37.41-1-.jpeg"
        },
        {
          "start": "",
          "end": "",
          "img": "/img/uploads/whatsapp-image-2022-06-01-at-22.37.11.jpeg",
          "mobile_img": "/img/uploads/whatsapp-image-2022-06-01-at-22.37.41.jpeg"
        }
      ]
    },
    {
      "type": "info-bar",
      "enabled": true
    },
    {
      "type": "banners-grid",
      "banners": [
        {
          "img": "/img/uploads/whatsapp-image-2022-06-03-at-22.13.58-2-.jpeg",
          "link": "https://www.marbellecloset.com.br/calcas"
        },
        {
          "img": "/img/uploads/whatsapp-image-2022-06-03-at-22.13.58-3-.jpeg",
          "link": "https://www.marbellecloset.com.br/body"
        }
      ]
    },
    {
      "type": "banners-grid",
      "banners": [
        {
          "img": "/img/uploads/whatsapp-image-2022-06-03-at-22.13.58.jpeg",
          "link": "https://www.marbellecloset.com.br/conjuntos"
        },
        {
          "img": "/img/uploads/whatsapp-image-2022-06-03-at-22.13.58-1-.jpeg",
          "link": "https://www.marbellecloset.com.br/vestidos"
        }
      ]
    },
    {
      "type": "banners-grid",
      "banners": [
        {
          "img": "/img/uploads/whatsapp-image-2022-06-03-at-22.13.57.jpeg",
          "link": "https://www.marbellecloset.com.br/cropped"
        },
        {
          "img": "/img/uploads/whatsapp-image-2022-06-03-at-22.13.57-1-.jpeg",
          "link": "https://www.marbellecloset.com.br/saias"
        }
      ]
    },
    {
      "type": "collection-shelf",
      "shuffle": true,
      "collection_id": null,
      "sort": "news",
      "title": "Lançamentos",
      "headless": false,
      "limit": 12,
      "page": 1
    }
  ]
}